[
    {"term": "Apple", "definition": "Maçã" },
    { "term": "Banana", "definition": "Banana" },
    { "term": "Orange", "definition": "Laranja" },
    { "term": "Grape", "definition": "Uva" },
    { "term": "Watermelon", "definition": "Melancia" },
    { "term": "Melon", "definition": "Melão" },
    { "term": "Strawberry", "definition": "Morango" },
    { "term": "Pitaya", "definition": "Pitaia" },
    { "term": "Mango", "definition": "Manga" },
    { "term": "Raspberry", "definition": "Framboesa" }

]